Date,Target Stars,Actual Stars,Cumulative Stars (Target),Waitlist Signups,Actual Waitlist,Discord Members,Actual Discord,Tweets Published,Messages Sent (Network),Framework Integrations (Merged),Active Beta Users,Notes
Day 1,500,,500,50,,50,,5,500,0,10,Launch blitz
Day 2,750,,750,75,,75,,5,750,0,15,Security blog live
Day 3,1000,,1000,100,,100,,5,1000,0,20,1K stars milestone
Day 4,1250,,1250,125,,125,,5,1250,0,30,First beta cohort
Day 5,1500,,1500,150,,150,,5,1500,1,40,OpenCode PR
Day 6,1750,,1750,175,,175,,5,1750,1,50,First showcase
Day 7,2000,,2000,200,,200,,5,2000,1,60,Week 1 recap
Day 8,2400,,2400,225,,225,,5,2400,1,70,Hermes merge?
Day 9,2800,,2800,250,,250,,5,2800,1,80,Security whitepaper?
Day 10,3200,,3200,275,,275,,5,3200,1,90,
Day 11,3600,,3600,300,,300,,5,3600,1,100,
Day 12,4000,,4000,325,,325,,5,4000,1,110,
Day 13,4500,,4500,375,,375,,5,4500,1,120,
Day 14,5000,,5000,500,,500,,5,5000,2,200,Month 1 push
